,n1_field,n1_energy,n2_field,n2_energy
0,-280.0,-4.933881563931828e-24,-280.0,-5.422054654732891e-24
1,-279.29824561403507,-4.912924073093941e-24,-279.29824561403507,-5.4000125442523835e-24
2,-278.59649122807014,-4.8919878545004246e-24,-278.59649122807014,-5.3779470595014544e-24
3,-277.89473684210526,-4.871073204246832e-24,-277.89473684210526,-5.355863378233768e-24
4,-277.1929824561403,-4.850180409731283e-24,-277.1929824561403,-5.3337659137497646e-24
5,-276.4912280701754,-4.829309750224056e-24,-276.4912280701754,-5.3116584640655796e-24
6,-275.7894736842105,-4.808461497391113e-24,-275.7894736842105,-5.289544326320616e-24
7,-275.0877192982456,-4.787635915776705e-24,-275.0877192982456,-5.267426385689585e-24
8,-274.3859649122807,-4.766833263248651e-24,-274.3859649122807,-5.245307185312479e-24
9,-273.6842105263158,-4.746053791410891e-24,-273.6842105263158,-5.223188981904764e-24
10,-272.98245614035085,-4.725297745982933e-24,-272.98245614035085,-5.201073790428797e-24
11,-272.280701754386,-4.704565367154197e-24,-272.280701754386,-5.178963420313439e-24
12,-271.57894736842104,-4.6838568899108925e-24,-271.57894736842104,-5.1568595050760454e-24
13,-270.8771929824561,-4.663172544340241e-24,-270.8771929824561,-5.1347635267401155e-24
14,-270.17543859649123,-4.642512555913813e-24,-270.17543859649123,-5.1126768361159545e-24
15,-269.4736842105263,-4.6218771457507486e-24,-269.4736842105263,-5.090600669758074e-24
16,-268.77192982456137,-4.601266530863761e-24,-268.77192982456137,-5.0685361642375735e-24
17,-268.07017543859644,-4.580680924387656e-24,-268.07017543859644,-5.0464843682271636e-24
18,-267.36842105263156,-4.5601205357945865e-24,-267.36842105263156,-5.024446252789186e-24
19,-266.66666666666663,-4.539585571093699e-24,-266.66666666666663,-5.002422720184297e-24
20,-265.96491228070175,-4.519076233018648e-24,-265.96491228070175,-4.98041461144692e-24
21,-265.2631578947368,-4.498592721203922e-24,-265.2631578947368,-4.9584227129328406e-24
22,-264.5614035087719,-4.47813523234894e-24,-264.5614035087719,-4.936447762004086e-24
23,-263.859649122807,-4.45770396037303e-24,-263.859649122807,-4.9144904519824595e-24
24,-263.1578947368421,-4.437299096561473e-24,-263.1578947368421,-4.8925514364858895e-24
25,-262.4561403508772,-4.416920829701389e-24,-262.4561403508772,-4.8706313332363754e-24
26,-261.7543859649123,-4.396569346211041e-24,-261.7543859649123,-4.848730727417951e-24
27,-261.05263157894734,-4.376244830260772e-24,-261.05263157894734,-4.826850174644948e-24
28,-260.35087719298247,-4.3559474638879184e-24,-260.35087719298247,-4.804990203596703e-24
29,-259.64912280701753,-4.335677427103924e-24,-259.64912280701753,-4.783151318362057e-24
30,-258.9473684210526,-4.315434897996842e-24,-258.9473684210526,-4.761334000532112e-24
31,-258.2456140350877,-4.295220052827535e-24,-258.2456140350877,-4.7395387110730284e-24
32,-257.5438596491228,-4.275033066120522e-24,-257.5438596491228,-4.717765892006511e-24
33,-256.84210526315786,-4.254874110750584e-24,-256.84210526315786,-4.6960159679214005e-24
34,-256.140350877193,-4.234743358023454e-24,-256.140350877193,-4.674289347338096e-24
35,-255.43859649122803,-4.2146409777543366e-24,-255.43859649122803,-4.652586423939624e-24
36,-254.73684210526318,-4.194567138340791e-24,-254.73684210526318,-4.630907577688922e-24
37,-254.0350877192982,-4.17452200683185e-24,-254.0350877192982,-4.6092531758417404e-24
38,-253.33333333333331,-4.15450574899488e-24,-253.33333333333331,-4.587623573868418e-24
39,-252.6315789473684,-4.134518529377931e-24,-252.6315789473684,-4.566019116294217e-24
40,-251.92982456140348,-4.114560511369264e-24,-251.92982456140348,-4.544440137466407e-24
41,-251.22807017543857,-4.094631857254713e-24,-251.22807017543857,-4.522886962255609e-24
42,-250.52631578947364,-4.074732728271291e-24,-250.52631578947364,-4.501359906699498e-24
43,-249.8245614035088,-4.054863284658531e-24,-249.8245614035088,-4.479859278592336e-24
44,-249.1228070175438,-4.0350236857080496e-24,-249.1228070175438,-4.4583853780283326e-24
45,-248.42105263157896,-4.015214089809905e-24,-248.42105263157896,-4.436938497900807e-24
46,-247.71929824561403,-3.995434654496891e-24,-247.71929824561403,-4.415518924362983e-24
47,-247.01754385964912,-3.975685536487889e-24,-247.01754385964912,-4.394126937253985e-24
48,-246.3157894736842,-3.955966891727742e-24,-246.3157894736842,-4.372762810491739e-24
49,-245.61403508771926,-3.936278875426749e-24,-245.61403508771926,-4.351426812438502e-24
50,-244.9122807017544,-3.916621642096589e-24,-244.9122807017544,-4.330119206237712e-24
51,-244.21052631578942,-3.8969953455873734e-24,-244.21052631578942,-4.308840250128269e-24
52,-243.50877192982458,-3.877400139120183e-24,-243.50877192982458,-4.287590197736621e-24
53,-242.80701754385964,-3.857836175320076e-24,-242.80701754385964,-4.266369298347786e-24
54,-242.10526315789474,-3.838303606247309e-24,-242.10526315789474,-4.245177797158506e-24
55,-241.4035087719298,-3.8188025834267704e-24,-241.4035087719298,-4.224015935513477e-24
56,-240.7017543859649,-3.7993332578766655e-24,-240.7017543859649,-4.202883951125303e-24
57,-239.99999999999997,-3.7798957801355965e-24,-239.99999999999997,-4.181782078281294e-24
58,-239.29824561403507,-3.76049030028946e-24,-239.29824561403507,-4.160710548035303e-24
59,-238.59649122807016,-3.741116967995519e-24,-238.59649122807016,-4.1396695883895055e-24
60,-237.89473684210526,-3.7217759325071385e-24,-237.89473684210526,-4.118659424462542e-24
61,-237.19298245614033,-3.702467342697198e-24,-237.19298245614033,-4.097680278649763e-24
62,-236.49122807017542,-3.683191347079817e-24,-236.49122807017542,-4.0767323707713386e-24
63,-235.78947368421052,-3.663948093831795e-24,-235.78947368421052,-4.0558159182136964e-24
64,-235.0877192982456,-3.644737730813206e-24,-235.0877192982456,-4.034931136060611e-24
65,-234.38596491228068,-3.625560405587335e-24,-234.38596491228068,-4.0140782372188424e-24
66,-233.68421052631578,-3.6064162654390164e-24,-233.68421052631578,-3.9932574325343666e-24
67,-232.98245614035088,-3.5873054573935354e-24,-232.98245614035088,-3.9724689309037206e-24
68,-232.28070175438594,-3.568228128234025e-24,-232.28070175438594,-3.951712939377821e-24
69,-231.57894736842104,-3.54918442451783e-24,-231.57894736842104,-3.9309896632614586e-24
70,-230.87719298245614,-3.530174492593338e-24,-230.87719298245614,-3.910299306206114e-24
71,-230.17543859649118,-3.5111984786154046e-24,-230.17543859649118,-3.889642070298074e-24
72,-229.4736842105263,-3.4922565285602094e-24,-229.4736842105263,-3.869018156142315e-24
73,-228.7719298245614,-3.4733487882402096e-24,-228.7719298245614,-3.848427762942247e-24
74,-228.07017543859646,-3.454475403317775e-24,-228.07017543859646,-3.8278710885734416e-24
75,-227.36842105263156,-3.435636519318542e-24,-227.36842105263156,-3.807348329656326e-24
76,-226.66666666666666,-3.416832281644767e-24,-226.66666666666666,-3.786859681622759e-24
77,-225.96491228070175,-3.398062835587458e-24,-225.96491228070175,-3.76640533878083e-24
78,-225.26315789473682,-3.379328326338599e-24,-225.26315789473682,-3.745985494375885e-24
79,-224.56140350877192,-3.360628899002905e-24,-224.56140350877192,-3.725600340648364e-24
80,-223.859649122807,-3.341964698608732e-24,-223.859649122807,-3.705250068889002e-24
81,-223.15789473684208,-3.323335870119077e-24,-223.15789473684208,-3.684934869491773e-24
82,-222.45614035087718,-3.304742558442019e-24,-222.45614035087718,-3.664654932004012e-24
83,-221.75438596491227,-3.2861849084404036e-24,-221.75438596491227,-3.6444104451736246e-24
84,-221.05263157894737,-3.267663064942094e-24,-221.05263157894737,-3.624201596995071e-24
85,-220.35087719298244,-3.24917717274928e-24,-220.35087719298244,-3.604028574752908e-24
86,-219.64912280701753,-3.230727376646849e-24,-219.64912280701753,-3.583891565062882e-24
87,-218.94736842105263,-3.212313821411694e-24,-218.94736842105263,-3.563790753911709e-24
88,-218.2456140350877,-3.1939366518210846e-24,-218.2456140350877,-3.543726326694784e-24
89,-217.5438596491228,-3.1755960126606604e-24,-217.5438596491228,-3.5236984682527644e-24
90,-216.8421052631579,-3.157292048732047e-24,-216.8421052631579,-3.5037073629053265e-24
91,-216.14035087719296,-3.1390249048607568e-24,-216.14035087719296,-3.483753194485117e-24
92,-215.43859649122805,-3.1207947259034284e-24,-215.43859649122805,-3.463836146368972e-24
93,-214.73684210526315,-3.1026016567543168e-24,-214.73684210526315,-3.443956401507635e-24
94,-214.03508771929825,-3.084445842353098e-24,-214.03508771929825,-3.424114142456038e-24
95,-213.33333333333331,-3.0663274276902293e-24,-213.33333333333331,-3.404309551400099e-24
96,-212.6315789473684,-3.0482465578142844e-24,-212.6315789473684,-3.3845428101833415e-24
97,-211.9298245614035,-3.03020337783722e-24,-211.9298245614035,-3.364814100333031e-24
98,-211.22807017543857,-3.0121980329406754e-24,-211.22807017543857,-3.3451236030843485e-24
99,-210.52631578947367,-2.9942306683815223e-24,-210.52631578947367,-3.325471499403426e-24
100,-209.82456140350877,-2.976301429497412e-24,-209.82456140350877,-3.3058579700107652e-24
101,-209.12280701754383,-2.958410461711948e-24,-209.12280701754383,-3.286283195401831e-24
102,-208.42105263157893,-2.9405579105392935e-24,-208.42105263157893,-3.266747355868587e-24
103,-207.71929824561403,-2.922743921589721e-24,-207.71929824561403,-3.2472506315191484e-24
104,-207.01754385964912,-2.9049686405740303e-24,-207.01754385964912,-3.2277932022966864e-24
105,-206.3157894736842,-2.8872322133078762e-24,-206.3157894736842,-3.208375247998328e-24
106,-205.6140350877193,-2.8695347857160927e-24,-205.6140350877193,-3.188996948292178e-24
107,-204.91228070175438,-2.851876503837396e-24,-204.91228070175438,-3.1696584827345287e-24
108,-204.21052631578945,-2.8342575138274877e-24,-204.21052631578945,-3.1503600307868797e-24
109,-203.50877192982455,-2.81667796196338e-24,-203.50877192982455,-3.1311017718299512e-24
110,-202.80701754385964,-2.7991379946474398e-24,-202.80701754385964,-3.1118838851806104e-24
111,-202.10526315789474,-2.7816377584100223e-24,-202.10526315789474,-3.092706550105131e-24
112,-201.4035087719298,-2.764177399913514e-24,-201.4035087719298,-3.0735699458333e-24
113,-200.70175438596488,-2.7467570659551538e-24,-200.70175438596488,-3.0544742515724285e-24
114,-200.0,-2.7293769034707953e-24,-200.0,-3.0354196465192948e-24
115,-199.29824561403507,-2.712037059537069e-24,-199.29824561403507,-3.016406309873405e-24
116,-198.59649122807016,-2.6947376813743925e-24,-198.59649122807016,-2.9974344208481827e-24
117,-197.89473684210526,-2.67747891634979e-24,-197.89473684210526,-2.9785041586830067e-24
118,-197.19298245614033,-2.6602609119795276e-24,-197.19298245614033,-2.959615702653931e-24
119,-196.49122807017542,-2.643083815931368e-24,-196.49122807017542,-2.940769232083841e-24
120,-195.78947368421052,-2.6259477760270178e-24,-195.78947368421052,-2.921964926353551e-24
121,-195.08771929824562,-2.608852940243818e-24,-195.08771929824562,-2.9032029649110196e-24
122,-194.38596491228068,-2.5917994567174727e-24,-194.38596491228068,-2.884483527280565e-24
123,-193.68421052631578,-2.5747874737435533e-24,-193.68421052631578,-2.8658067930721755e-24
124,-192.98245614035088,-2.557817139779285e-24,-192.98245614035088,-2.8471729419905377e-24
125,-192.28070175438594,-2.54088860344571e-24,-192.28070175438594,-2.828582153842653e-24
126,-191.57894736842104,-2.5240020135285337e-24,-191.57894736842104,-2.8100346085461127e-24
127,-190.87719298245614,-2.5071575189801937e-24,-190.87719298245614,-2.791530486136999e-24
128,-190.1754385964912,-2.490355268921458e-24,-190.1754385964912,-2.773069966777124e-24
129,-189.4736842105263,-2.4735954126415203e-24,-189.4736842105263,-2.7546532307608026e-24
130,-188.7719298245614,-2.456878099600349e-24,-188.7719298245614,-2.7362804585221853e-24
131,-188.0701754385965,-2.4402034794294417e-24,-188.0701754385965,-2.7179518306409966e-24
132,-187.36842105263156,-2.4235717019322935e-24,-187.36842105263156,-2.699667527849775e-24
133,-186.66666666666666,-2.406982917085809e-24,-186.66666666666666,-2.6814277310385754e-24
134,-185.96491228070175,-2.390437275040583e-24,-185.96491228070175,-2.6632326212618336e-24
135,-185.26315789473682,-2.3739349261222194e-24,-185.26315789473682,-2.6450823797428806e-24
136,-184.56140350877192,-2.35747602083114e-24,-184.56140350877192,-2.626977187879679e-24
137,-183.859649122807,-2.341060709843528e-24,-183.859649122807,-2.6089172272495242e-24
138,-183.15789473684208,-2.3246891440112308e-24,-183.15789473684208,-2.5909026796137478e-24
139,-182.45614035087718,-2.3083614743627036e-24,-182.45614035087718,-2.572933726922324e-24
140,-181.75438596491227,-2.292077852102631e-24,-181.75438596491227,-2.555010551318291e-24
141,-181.05263157894737,-2.2758384286119277e-24,-181.05263157894737,-2.537133335141135e-24
142,-180.35087719298244,-2.259643355448585e-24,-180.35087719298244,-2.5193022609311164e-24
143,-179.64912280701753,-2.2434927843462603e-24,-179.64912280701753,-2.5015175114332205e-24
144,-178.9473684210526,-2.2273868672152167e-24,-178.9473684210526,-2.483779269599789e-24
145,-178.2456140350877,-2.2113257561412896e-24,-178.2456140350877,-2.4660877185938133e-24
146,-177.5438596491228,-2.19530960338598e-24,-177.5438596491228,-2.4484430417931637e-24
147,-176.8421052631579,-2.1793385613860793e-24,-176.8421052631579,-2.4308454227915323e-24
148,-176.140350877193,-2.163412782752539e-24,-176.140350877193,-2.4132950454026635e-24
149,-175.43859649122805,-2.1475324202701905e-24,-175.43859649122805,-2.3957920936618588e-24
150,-174.73684210526315,-2.131697626897086e-24,-174.73684210526315,-2.378336751828704e-24
151,-174.03508771929825,-2.115908555763558e-24,-174.03508771929825,-2.360929204389138e-24
152,-173.33333333333331,-2.100165360171561e-24,-173.33333333333331,-2.343569636056958e-24
153,-172.6315789473684,-2.0844681935931675e-24,-172.6315789473684,-2.3262582317763575e-24
154,-171.9298245614035,-2.068817209670191e-24,-171.9298245614035,-2.3089951767224915e-24
155,-171.22807017543857,-2.0532125622124938e-24,-171.22807017543857,-2.291780656304109e-24
156,-170.52631578947367,-2.0376544051971406e-24,-170.52631578947367,-2.2746148561634595e-24
157,-169.82456140350877,-2.0221428927665174e-24,-169.82456140350877,-2.2574979621785494e-24
158,-169.12280701754386,-2.0066781792277678e-24,-169.12280701754386,-2.2404301604633303e-24
159,-168.42105263157893,-1.9912604190505355e-24,-168.42105263157893,-2.2234116373687337e-24
160,-167.71929824561403,-1.975889766865742e-24,-167.71929824561403,-2.206442579483517e-24
161,-167.01754385964912,-1.9605663774641764e-24,-167.01754385964912,-2.189523173634169e-24
162,-166.3157894736842,-1.9452904057943315e-24,-166.3157894736842,-2.1726536068856643e-24
163,-165.6140350877193,-1.9300620069606183e-24,-165.6140350877193,-2.1558340665416482e-24
164,-164.91228070175438,-1.9148813362219543e-24,-164.91228070175438,-2.1390647401440632e-24
165,-164.21052631578945,-1.8997485489891313e-24,-164.21052631578945,-2.1223458154730537e-24
166,-163.50877192982452,-1.884663800823404e-24,-163.50877192982452,-2.1056774805475304e-24
167,-162.80701754385964,-1.869627247433575e-24,-162.80701754385964,-2.089059923623384e-24
168,-162.10526315789474,-1.8546390446747733e-24,-162.10526315789474,-2.0724933331939545e-24
169,-161.4035087719298,-1.839699348545067e-24,-161.4035087719298,-2.05597789798881e-24
170,-160.7017543859649,-1.8248083151842427e-24,-160.7017543859649,-2.039513806973275e-24
171,-160.0,-1.8099661008701362e-24,-160.0,-2.023101249346833e-24
172,-159.29824561403507,-1.7951728620171292e-24,-159.29824561403507,-2.0067404145426553e-24
173,-158.59649122807016,-1.7804287551726694e-24,-158.59649122807016,-1.9904314922259095e-24
174,-157.89473684210526,-1.7657339370151073e-24,-157.89473684210526,-1.9741746722924414e-24
175,-157.19298245614033,-1.7510885643509696e-24,-157.19298245614033,-1.9579701448670837e-24
176,-156.49122807017542,-1.7364927941117613e-24,-156.49122807017542,-1.9418181003025265e-24
177,-155.78947368421052,-1.7219467833508627e-24,-155.78947368421052,-1.925718729176779e-24
178,-155.08771929824562,-1.7074506892413666e-24,-155.08771929824562,-1.909672222291288e-24
179,-154.38596491228068,-1.6930046690717523e-24,-154.38596491228068,-1.893678770669622e-24
180,-153.68421052631578,-1.6786088802436284e-24,-153.68421052631578,-1.8777385655541796e-24
181,-152.98245614035088,-1.664263480268348e-24,-152.98245614035088,-1.8618517984047785e-24
182,-152.28070175438594,-1.6499686267629643e-24,-152.28070175438594,-1.8460186608952708e-24
183,-151.57894736842104,-1.6357244774477864e-24,-151.57894736842104,-1.8302393449114733e-24
184,-150.87719298245614,-1.6215311901420527e-24,-150.87719298245614,-1.8145140425485352e-24
185,-150.17543859649123,-1.6073889227608277e-24,-150.17543859649123,-1.798842946107458e-24
186,-149.4736842105263,-1.593297833310865e-24,-149.4736842105263,-1.7832262480925572e-24
187,-148.7719298245614,-1.579258079887597e-24,-148.7719298245614,-1.7676641412080757e-24
188,-148.0701754385965,-1.5652698206704335e-24,-148.0701754385965,-1.7521568183548935e-24
189,-147.36842105263156,-1.5513332139193765e-24,-147.36842105263156,-1.736704472627518e-24
190,-146.66666666666666,-1.537448417970976e-24,-146.66666666666666,-1.72130729730957e-24
191,-145.96491228070175,-1.5236155912340042e-24,-145.96491228070175,-1.7059654858710568e-24
192,-145.26315789473682,-1.5098348921854122e-24,-145.26315789473682,-1.6906792319642343e-24
193,-144.56140350877192,-1.496106479366286e-24,-144.56140350877192,-1.6754487294195633e-24
194,-143.859649122807,-1.4824305113772388e-24,-143.859649122807,-1.660274172241572e-24
195,-143.1578947368421,-1.4688071468742727e-24,-143.1578947368421,-1.645155754605e-24
196,-142.45614035087718,-1.4552365445638893e-24,-142.45614035087718,-1.6300936708497203e-24
197,-141.75438596491227,-1.4417188631987637e-24,-141.75438596491227,-1.615088115477448e-24
198,-141.05263157894737,-1.4282542615733244e-24,-141.05263157894737,-1.60013928314591e-24
199,-140.35087719298244,-1.4148428985185813e-24,-140.35087719298244,-1.585247368664801e-24
200,-139.64912280701753,-1.4014849328978e-24,-139.64912280701753,-1.5704125669907992e-24
201,-138.94736842105263,-1.388180523600859e-24,-138.94736842105263,-1.5556350732227712e-24
202,-138.2456140350877,-1.3749298295403008e-24,-138.2456140350877,-1.5409150825958464e-24
203,-137.5438596491228,-1.3617330096450302e-24,-137.5438596491228,-1.52625279047728e-24
204,-136.8421052631579,-1.3485902228566478e-24,-136.8421052631579,-1.511648392360058e-24
205,-136.140350877193,-1.3355016281227726e-24,-136.140350877193,-1.4971020838582893e-24
206,-135.43859649122805,-1.3224673843929042e-24,-135.43859649122805,-1.4826140607007173e-24
207,-134.73684210526315,-1.3094876506121227e-24,-134.73684210526315,-1.4681845187254529e-24
208,-134.03508771929822,-1.296562585716292e-24,-134.03508771929822,-1.4538136538739568e-24
209,-133.33333333333331,-1.2836923486261358e-24,-133.33333333333331,-1.4395016621847385e-24
210,-132.6315789473684,-1.2708770982420652e-24,-132.6315789473684,-1.425248739787902e-24
211,-131.9298245614035,-1.2581169934376901e-24,-131.9298245614035,-1.4110550828976224e-24
212,-131.2280701754386,-1.245412193054835e-24,-131.2280701754386,-1.3969208878071625e-24
213,-130.52631578947367,-1.2327628558970501e-24,-130.52631578947367,-1.3828463508811609e-24
214,-129.82456140350877,-1.2201691407241576e-24,-129.82456140350877,-1.3688316685491433e-24
215,-129.12280701754386,-1.2076312062460444e-24,-129.12280701754386,-1.3548770372992223e-24
216,-128.42105263157893,-1.1951492111161738e-24,-128.42105263157893,-1.3409826536709501e-24
217,-127.71929824561401,-1.182723313925943e-24,-127.71929824561401,-1.3271487142475132e-24
218,-127.0175438596491,-1.1703536731984763e-24,-127.0175438596491,-1.3133754156494318e-24
219,-126.3157894736842,-1.1580404473813845e-24,-126.3157894736842,-1.2996629545267544e-24
220,-125.61403508771929,-1.1457837948413102e-24,-125.61403508771929,-1.286011527551629e-24
221,-124.9122807017544,-1.1335838738571572e-24,-124.9122807017544,-1.2724213314105917e-24
222,-124.21052631578948,-1.1214408426130374e-24,-124.21052631578948,-1.2588925627971372e-24
223,-123.50877192982456,-1.1093548591920642e-24,-123.50877192982456,-1.245425418403538e-24
224,-122.80701754385963,-1.0973260815696756e-24,-122.80701754385963,-1.2320200949125683e-24
225,-122.10526315789471,-1.0853546676064875e-24,-122.10526315789471,-1.2186767889900756e-24
226,-121.40350877192982,-1.0734407750415227e-24,-121.40350877192982,-1.2053956972761402e-24
227,-120.7017543859649,-1.0615845614851577e-24,-120.7017543859649,-1.1921770163769883e-24
228,-119.99999999999999,-1.049786184411976e-24,-119.99999999999999,-1.1790209428561522e-24
229,-119.29824561403508,-1.0380458011542793e-24,-119.29824561403508,-1.1659276732259125e-24
230,-118.59649122807016,-1.026363568893906e-24,-118.59649122807016,-1.1528974039385527e-24
231,-117.89473684210526,-1.0147396446553661e-24,-117.89473684210526,-1.1399303313775193e-24
232,-117.19298245614034,-1.003174185298883e-24,-117.19298245614034,-1.127026651848206e-24
233,-116.49122807017544,-9.91667347512117e-25,-116.49122807017544,-1.1141865615686437e-24
234,-115.78947368421052,-9.802192878032074e-25,-115.78947368421052,-1.1014102566605668e-24
235,-115.08771929824559,-9.688301624932484e-25,-115.08771929824559,-1.0886979331395392e-24
236,-114.3859649122807,-9.575001277081085e-25,-114.3859649122807,-1.07604978690555e-24
237,-113.68421052631578,-9.462293393710005e-25,-113.68421052631578,-1.0634660137334217e-24
238,-112.98245614035088,-9.350179531949593e-25,-112.98245614035088,-1.0509468092629362e-24
239,-112.28070175438596,-9.238661246742834e-25,-112.28070175438596,-1.03849236898849e-24
240,-111.57894736842104,-9.127740090768245e-25,-111.57894736842104,-1.0261028882495968e-24
241,-110.87719298245614,-9.017417614362753e-25,-110.87719298245614,-1.0137785622203542e-24
242,-110.17543859649122,-8.90769536543707e-25,-110.17543859649122,-1.0015195858987242e-24
243,-109.47368421052632,-8.798574889393869e-25,-109.47368421052632,-9.893261540970345e-25
244,-108.7719298245614,-8.690057729045035e-25,-108.7719298245614,-9.77198461430318e-25
245,-108.07017543859648,-8.582145424531732e-25,-108.07017543859648,-9.651367023065324e-25
246,-107.36842105263158,-8.47483951323788e-25,-107.36842105263158,-9.531410709147112e-25
247,-106.66666666666666,-8.368141529701767e-25,-106.66666666666666,-9.41211761214902e-25
248,-105.96491228070175,-8.262053005538928e-25,-105.96491228070175,-9.293489669265048e-25
249,-105.26315789473684,-8.156575469348112e-25,-105.26315789473684,-9.175528815173639e-25
250,-104.56140350877192,-8.051710446630403e-25,-104.56140350877192,-9.058236981922011e-25
251,-103.85964912280701,-7.9474594597008265e-25,-103.85964912280701,-8.941616098813307e-25
252,-103.1578947368421,-7.843824027593369e-25,-103.1578947368421,-8.825668092289986e-25
253,-102.45614035087719,-7.740805665983862e-25,-102.45614035087719,-8.710394885817217e-25
254,-101.75438596491227,-7.638405887092187e-25,-101.75438596491227,-8.595798399763444e-25
255,-101.05263157894737,-7.5366261995948125e-25,-101.05263157894737,-8.481880551282842e-25
256,-100.35087719298244,-7.435468108535461e-25,-100.35087719298244,-8.368643254193062e-25
257,-99.64912280701753,-7.334933115232007e-25,-99.64912280701753,-8.2560884188558e-25
258,-98.94736842105263,-7.2350227171852605e-25,-98.94736842105263,-8.144217952052668e-25
259,-98.24561403508771,-7.135738407986807e-25,-98.24561403508771,-8.03303375686012e-25
260,-97.54385964912281,-7.037081677228731e-25,-97.54385964912281,-7.922537732525318e-25
261,-96.84210526315789,-6.939054010402991e-25,-96.84210526315789,-7.812731774340122e-25
262,-96.14035087719297,-6.841656888814906e-25,-96.14035087719297,-7.703617773517897e-25
263,-95.43859649122807,-6.744891789486293e-25,-95.43859649122807,-7.595197617058095e-25
264,-94.73684210526315,-6.648760185055787e-25,-94.73684210526315,-7.487473187616481e-25
265,-94.03508771929825,-6.553263543691381e-25,-94.03508771929825,-7.380446363384763e-25
266,-93.33333333333333,-6.458403328986986e-25,-93.33333333333333,-7.274119017949534e-25
267,-92.63157894736841,-6.364180999867448e-25,-92.63157894736841,-7.168493020161553e-25
268,-91.9298245614035,-6.270598010493571e-25,-91.9298245614035,-7.063570234005974e-25
269,-91.22807017543859,-6.177655810164313e-25,-91.22807017543859,-6.959352518462225e-25
270,-90.52631578947368,-6.085355843216165e-25,-90.52631578947368,-6.855841727376116e-25
271,-89.82456140350877,-5.993699548925352e-25,-89.82456140350877,-6.753039709314076e-25
272,-89.12280701754385,-5.902688361408147e-25,-89.12280701754385,-6.650948307435261e-25
273,-88.42105263157895,-5.812323709526833e-25,-88.42105263157895,-6.549569359342969e-25
274,-87.71929824561403,-5.722607016782501e-25,-87.71929824561403,-6.448904696956749e-25
275,-87.01754385964912,-5.633539701214422e-25,-87.01754385964912,-6.348956146360996e-25
276,-86.3157894736842,-5.545123175306013e-25,-86.3157894736842,-6.249725527674236e-25
277,-85.61403508771929,-5.457358845882329e-25,-85.61403508771929,-6.151214654901482e-25
278,-84.91228070175438,-5.370248114000982e-25,-84.91228070175438,-6.053425335789418e-25
279,-84.21052631578947,-5.283792374858098e-25,-84.21052631578947,-5.956359371690978e-25
280,-83.50877192982456,-5.197993017686753e-25,-83.50877192982456,-5.860018557413003e-25
281,-82.80701754385964,-5.112851425648834e-25,-82.80701754385964,-5.764404681074241e-25
282,-82.10526315789473,-5.02836897573441e-25,-82.10526315789473,-5.669519523963347e-25
283,-81.40350877192982,-4.944547038660171e-25,-81.40350877192982,-5.57536486038372e-25
284,-80.7017543859649,-4.861386978764106e-25,-80.7017543859649,-5.481942457517144e-25
285,-80.0,-4.778890153906759e-25,-80.0,-5.389254075266741e-25
286,-79.29824561403508,-4.697057915360265e-25,-79.29824561403508,-5.29730146611215e-25
287,-78.59649122807016,-4.615891607708664e-25,-78.59649122807016,-5.206086374959068e-25
288,-77.89473684210526,-4.53539256874352e-25,-77.89473684210526,-5.115610538997244e-25
289,-77.19298245614034,-4.455562129358597e-25,-77.19298245614034,-5.0258756875330935e-25
290,-76.49122807017544,-4.376401613442653e-25,-76.49122807017544,-4.936883541859921e-25
291,-75.78947368421052,-4.297912337782579e-25,-75.78947368421052,-4.848635815087711e-25
292,-75.08771929824562,-4.220095611948671e-25,-75.08771929824562,-4.761134212003946e-25
293,-74.3859649122807,-4.142952738195888e-25,-74.3859649122807,-4.674380428917505e-25
294,-73.68421052631578,-4.0664850113594706e-25,-73.68421052631578,-4.588376153501613e-25
295,-72.98245614035088,-3.9906937187449104e-25,-72.98245614035088,-4.503123064646203e-25
296,-72.28070175438596,-3.9155801400245102e-25,-72.28070175438596,-4.418622832303688e-25
297,-71.57894736842105,-3.8411455471348795e-25,-71.57894736842105,-4.334877117330978e-25
298,-70.87719298245614,-3.7673912041706696e-25,-70.87719298245614,-4.251887571339954e-25
299,-70.17543859649122,-3.694318367274548e-25,-70.17543859649122,-4.16965583653948e-25
300,-69.47368421052632,-3.621928284536575e-25,-69.47368421052632,-4.0881835455849467e-25
301,-68.7719298245614,-3.550222195891702e-25,-68.7719298245614,-4.0074723214174566e-25
302,-68.0701754385965,-3.4792013330050423e-25,-68.0701754385965,-3.9275237771114836e-25
303,-67.36842105263158,-3.408866919175951e-25,-67.36842105263158,-3.8483395157225283e-25
304,-66.66666666666666,-3.3392201692298792e-25,-66.66666666666666,-3.7699211301253695e-25
305,-65.96491228070175,-3.2702622894102296e-25,-65.96491228070175,-3.692270202861721e-25
306,-65.26315789473684,-3.201994477278673e-25,-65.26315789473684,-3.615388305987886e-25
307,-64.56140350877193,-3.134417921607945e-25,-64.56140350877193,-3.5392770009130114e-25
308,-63.85964912280701,-3.067533802276519e-25,-63.85964912280701,-3.46393783824392e-25
309,-63.1578947368421,-3.001343290167988e-25,-63.1578947368421,-3.38937235763653e-25
310,-62.4561403508772,-2.935847547061034e-25,-62.4561403508772,-3.315582087629404e-25
311,-61.75438596491228,-2.87104772553163e-25,-61.75438596491228,-3.2425685454998685e-25
312,-61.052631578947356,-2.806944968847714e-25,-61.052631578947356,-3.170333237098505e-25
313,-60.35087719298245,-2.743540410861044e-25,-60.35087719298245,-3.0988776566996257e-25
314,-59.64912280701754,-2.680835175914099e-25,-59.64912280701754,-3.02820328684517e-25
315,-58.94736842105263,-2.618830378728172e-25,-58.94736842105263,-2.958311598188597e-25
316,-58.24561403508772,-2.557527124304628e-25,-58.24561403508772,-2.8892040493416014e-25
317,-57.543859649122794,-2.4969265078271036e-25,-57.543859649122794,-2.8208820867227107e-25
318,-56.84210526315789,-2.4370296145495994e-25,-56.84210526315789,-2.753347144397417e-25
319,-56.14035087719298,-2.3778375197080826e-25,-56.14035087719298,-2.686600643929595e-25
320,-55.43859649122807,-2.3193512884104614e-25,-55.43859649122807,-2.6206439942263366e-25
321,-54.73684210526316,-2.2615719755406643e-25,-54.73684210526316,-2.555478591386547e-25
322,-54.03508771929824,-2.2045006256570773e-25,-54.03508771929824,-2.4911058185504824e-25
323,-53.33333333333333,-2.1481382728938027e-25,-53.33333333333333,-2.4275270457436427e-25
324,-52.63157894736842,-2.0924859408647382e-25,-52.63157894736842,-2.364743629731952e-25
325,-51.92982456140351,-2.0375446425601342e-25,-51.92982456140351,-2.3027569138665933e-25
326,-51.228070175438596,-1.9833153802525535e-25,-51.228070175438596,-2.241568227938246e-25
327,-50.526315789473685,-1.9297991454037725e-25,-50.526315789473685,-2.1811788880247426e-25
328,-49.82456140350877,-1.8769969185566358e-25,-49.82456140350877,-2.121590196347189e-25
329,-49.122807017543856,-1.8249096692523012e-25,-49.122807017543856,-2.0628034411176187e-25
330,-48.421052631578945,-1.7735383559277365e-25,-48.421052631578945,-2.0048198964007563e-25
331,-47.719298245614034,-1.7228839258245017e-25,-47.719298245614034,-1.9476408219569704e-25
332,-47.01754385964912,-1.6729473148928278e-25,-47.01754385964912,-1.8912674631077975e-25
333,-46.315789473684205,-1.6237294477003992e-25,-46.315789473684205,-1.8357010505873592e-25
334,-45.614035087719294,-1.5752312373401946e-25,-45.614035087719294,-1.7809428004013034e-25
335,-44.91228070175438,-1.5274535853383282e-25,-44.91228070175438,-1.726993913684804e-25
336,-44.21052631578947,-1.480397381563772e-25,-44.21052631578947,-1.6738555765596211e-25
337,-43.50877192982456,-1.4340635041380774e-25,-43.50877192982456,-1.6215289599977438e-25
338,-42.807017543859644,-1.3884528193497996e-25,-42.807017543859644,-1.5700152196850324e-25
339,-42.10526315789473,-1.3435661815585772e-25,-42.10526315789473,-1.5193154958754575e-25
340,-41.40350877192982,-1.2994044331199004e-25,-41.40350877192982,-1.4694309132669677e-25
341,-40.70175438596491,-1.25596840428731e-25,-40.70175438596491,-1.420362580855728e-25
342,-40.0,-1.2132589131343444e-25,-40.0,-1.3721115918101077e-25
343,-39.29824561403508,-1.1712767654661428e-25,-39.29824561403508,-1.324679023335262e-25
344,-38.59649122807017,-1.1300227547385708e-25,-38.59649122807017,-1.2780659365471202e-25
345,-37.89473684210526,-1.0894976619754657e-25,-37.89473684210526,-1.2322733763322665e-25
346,-37.19298245614035,-1.0497022556868222e-25,-37.19298245614035,-1.187302371234152e-25
347,-36.49122807017544,-1.0106372917888588e-25,-36.49122807017544,-1.1431539333195584e-25
348,-35.78947368421053,-9.72303513524084e-26,-35.78947368421053,-1.0998290580535258e-25
349,-35.08771929824561,-9.347016513823032e-26,-35.08771929824561,-1.0573287241742797e-25
350,-34.3859649122807,-8.978324230263275e-26,-34.3859649122807,-1.015653893580384e-25
351,-33.68421052631579,-8.616965332139207e-26,-33.68421052631579,-9.748055112019061e-26
352,-32.98245614035088,-8.262946737235084e-26,-32.98245614035088,-9.347845048885107e-26
353,-32.280701754385966,-7.916275232798862e-26,-32.280701754385966,-8.955917852853271e-26
354,-31.57894736842105,-7.576957474827504e-26,-31.57894736842105,-8.572282457295055e-26
355,-30.87719298245614,-7.244999987380483e-26,-30.87719298245614,-8.196947621260855e-26
356,-30.175438596491226,-6.920409161789856e-26,-30.175438596491226,-7.829921928454922e-26
357,-29.473684210526315,-6.603191256086621e-26,-29.473684210526315,-7.471213786088086e-26
358,-28.771929824561397,-6.29335239422959e-26,-28.771929824561397,-7.120831423833912e-26
359,-28.07017543859649,-5.990898565503541e-26,-28.07017543859649,-6.778782892766057e-26
360,-27.36842105263158,-5.695835623870342e-26,-27.36842105263158,-6.445076064333235e-26
361,-26.666666666666664,-5.408169287263651e-26,-26.666666666666664,-6.119718629334192e-26
362,-25.964912280701753,-5.1279051370528995e-26,-25.964912280701753,-5.802718096930282e-26
363,-25.263157894736842,-4.855048617375603e-26,-25.263157894736842,-5.494081793676869e-26
364,-24.561403508771928,-4.589605034554321e-26,-24.561403508771928,-5.19381686257352e-26
365,-23.859649122807017,-4.3315795565418214e-26,-23.859649122807017,-4.901930262123615e-26
366,-23.157894736842103,-4.0809772123192276e-26,-23.157894736842103,-4.618428765431563e-26
367,-22.45614035087719,-3.837802891312974e-26,-22.45614035087719,-4.343318959328238e-26
368,-21.75438596491228,-3.6020613429716283e-26,-21.75438596491228,-4.0766072434870033e-26
369,-21.052631578947366,-3.373757176098209e-26,-21.052631578947366,-3.818299829605572e-26
370,-20.350877192982455,-3.1528948584270096e-26,-20.350877192982455,-3.5684027405408386e-26
371,-19.64912280701754,-2.939478716106379e-26,-19.64912280701754,-3.32692180961299e-26
372,-18.94736842105263,-2.733512933200314e-26,-18.94736842105263,-3.0938626797027233e-26
373,-18.24561403508772,-2.5350015512558754e-26,-18.24561403508772,-2.8692308026023746e-26
374,-17.543859649122805,-2.343948468814184e-26,-17.543859649122805,-2.6530314382636017e-26
375,-16.842105263157894,-2.160357440996645e-26,-16.842105263157894,-2.4452696540638757e-26
376,-16.140350877192983,-1.9842320790817716e-26,-16.140350877192983,-2.2459503241764164e-26
377,-15.43859649122807,-1.815575850110218e-26,-15.43859649122807,-2.055078128921319e-26
378,-14.736842105263158,-1.6543920764521977e-26,-14.736842105263158,-1.8726575540696623e-26
379,-14.035087719298245,-1.5006839354877486e-26,-14.035087719298245,-1.6986928903356937e-26
380,-13.333333333333332,-1.3544544592211716e-26,-13.333333333333332,-1.5331882327279574e-26
381,-12.631578947368421,-1.215706533933084e-26,-12.631578947368421,-1.3761474800508847e-26
382,-11.929824561403509,-1.0844428998888965e-26,-11.929824561403509,-1.2275743343311524e-26
383,-11.228070175438596,-9.606661509626555e-27,-11.228070175438596,-1.0874723003662932e-26
384,-10.526315789473683,-8.44378734420752e-27,-10.526315789473683,-9.558446852074781e-27
385,-9.82456140350877,-7.355829506021871e-27,-9.82456140350877,-8.326945977551464e-27
386,-9.12280701754386,-6.342809526552612e-27,-9.12280701754386,-7.180249483076158e-27
387,-8.421052631578947,-5.404747463024752e-27,-8.421052631578947,-6.118384481567124e-27
388,-7.719298245614035,-4.541661896148356e-27,-7.719298245614035,-5.1413760928684415e-27
389,-7.017543859649122,-3.753569928049675e-27,-7.017543859649122,-4.2492474392361096e-27
390,-6.315789473684211,-3.0404871801082352e-27,-6.315789473684211,-3.4420196432691776e-27
391,-5.614035087719298,-2.4024277914522078e-27,-5.614035087719298,-2.719711824524321e-27
392,-4.912280701754385,-1.8394044170776152e-27,-4.912280701754385,-2.082341096882734e-27
393,-4.2105263157894735,-1.3514282269079373e-27,-4.2105263157894735,-1.5299225661991414e-27
394,-3.508771929824561,-9.385089035371614e-28,-3.508771929824561,-1.0624693286090856e-27
395,-2.807017543859649,-6.006546423238224e-28,-2.807017543859649,-6.799924685540972e-28
396,-2.1052631578947367,-3.3787214960425114e-28,-2.1052631578947367,-3.825010569009035e-28
397,-1.4035087719298245,-1.5016664222237647e-28,-1.4035087719298245,-1.7000215028315185e-28
398,-0.7017543859649122,-3.754184696548827e-29,-0.7017543859649122,-4.2500789690816326e-29
399,0.0,0.0,0.0,0.0
400,0.7017543859649122,-3.754184696548827e-29,0.7017543859649122,-4.2500789690816326e-29
401,1.4035087719298245,-1.5016664222237647e-28,1.4035087719298245,-1.7000215028315185e-28
402,2.1052631578947367,-3.3787214960425114e-28,2.1052631578947367,-3.825010569009035e-28
403,2.807017543859649,-6.006546423238224e-28,2.807017543859649,-6.799924685540972e-28
404,3.508771929824561,-9.385089035371614e-28,3.508771929824561,-1.0624693286090856e-27
405,4.2105263157894735,-1.3514282269079373e-27,4.2105263157894735,-1.5299225661991414e-27
406,4.912280701754385,-1.8394044170776152e-27,4.912280701754385,-2.082341096882734e-27
407,5.614035087719298,-2.4024277914522078e-27,5.614035087719298,-2.719711824524321e-27
408,6.315789473684211,-3.0404871801082352e-27,6.315789473684211,-3.4420196432691776e-27
409,7.017543859649122,-3.753569928049675e-27,7.017543859649122,-4.2492474392361096e-27
410,7.719298245614035,-4.541661896148356e-27,7.719298245614035,-5.1413760928684415e-27
411,8.421052631578947,-5.404747463024752e-27,8.421052631578947,-6.118384481567124e-27
412,9.12280701754386,-6.342809526552612e-27,9.12280701754386,-7.180249483076158e-27
413,9.82456140350877,-7.355829506021871e-27,9.82456140350877,-8.326945977551464e-27
414,10.526315789473683,-8.44378734420752e-27,10.526315789473683,-9.558446852074781e-27
415,11.228070175438596,-9.606661509626555e-27,11.228070175438596,-1.0874723003662932e-26
416,11.929824561403509,-1.0844428998888965e-26,11.929824561403509,-1.2275743343311524e-26
417,12.631578947368421,-1.215706533933084e-26,12.631578947368421,-1.3761474800508847e-26
418,13.333333333333332,-1.3544544592211716e-26,13.333333333333332,-1.5331882327279574e-26
419,14.035087719298245,-1.5006839354877486e-26,14.035087719298245,-1.6986928903356937e-26
420,14.736842105263158,-1.6543920764521977e-26,14.736842105263158,-1.8726575540696623e-26
421,15.43859649122807,-1.815575850110218e-26,15.43859649122807,-2.055078128921319e-26
422,16.140350877192983,-1.9842320790817716e-26,16.140350877192983,-2.2459503241764164e-26
423,16.842105263157894,-2.160357440996645e-26,16.842105263157894,-2.4452696540638757e-26
424,17.543859649122805,-2.343948468814184e-26,17.543859649122805,-2.6530314382636017e-26
425,18.24561403508772,-2.5350015512558754e-26,18.24561403508772,-2.8692308026023746e-26
426,18.94736842105263,-2.733512933200314e-26,18.94736842105263,-3.0938626797027233e-26
427,19.64912280701754,-2.939478716106379e-26,19.64912280701754,-3.32692180961299e-26
428,20.350877192982455,-3.1528948584270096e-26,20.350877192982455,-3.5684027405408386e-26
429,21.052631578947366,-3.373757176098209e-26,21.052631578947366,-3.818299829605572e-26
430,21.75438596491228,-3.6020613429716283e-26,21.75438596491228,-4.0766072434870033e-26
431,22.45614035087719,-3.837802891312974e-26,22.45614035087719,-4.343318959328238e-26
432,23.157894736842103,-4.0809772123192276e-26,23.157894736842103,-4.618428765431563e-26
433,23.859649122807017,-4.3315795565418214e-26,23.859649122807017,-4.901930262123615e-26
434,24.561403508771928,-4.589605034554321e-26,24.561403508771928,-5.19381686257352e-26
435,25.263157894736842,-4.855048617375603e-26,25.263157894736842,-5.494081793676869e-26
436,25.964912280701753,-5.1279051370528995e-26,25.964912280701753,-5.802718096930282e-26
437,26.666666666666664,-5.408169287263651e-26,26.666666666666664,-6.119718629334192e-26
438,27.36842105263158,-5.695835623870342e-26,27.36842105263158,-6.445076064333235e-26
439,28.07017543859649,-5.990898565503541e-26,28.07017543859649,-6.778782892766057e-26
440,28.771929824561397,-6.29335239422959e-26,28.771929824561397,-7.120831423833912e-26
441,29.473684210526315,-6.603191256086621e-26,29.473684210526315,-7.471213786088086e-26
442,30.175438596491226,-6.920409161789856e-26,30.175438596491226,-7.829921928454922e-26
443,30.87719298245614,-7.244999987380483e-26,30.87719298245614,-8.196947621260855e-26
444,31.57894736842105,-7.576957474827504e-26,31.57894736842105,-8.572282457295055e-26
445,32.280701754385966,-7.916275232798862e-26,32.280701754385966,-8.955917852853271e-26
446,32.98245614035088,-8.262946737235084e-26,32.98245614035088,-9.347845048885107e-26
447,33.68421052631579,-8.616965332139207e-26,33.68421052631579,-9.748055112019061e-26
448,34.3859649122807,-8.978324230263275e-26,34.3859649122807,-1.015653893580384e-25
449,35.08771929824561,-9.347016513823032e-26,35.08771929824561,-1.0573287241742797e-25
450,35.78947368421053,-9.72303513524084e-26,35.78947368421053,-1.0998290580535258e-25
451,36.49122807017544,-1.0106372917888588e-25,36.49122807017544,-1.1431539333195584e-25
452,37.19298245614035,-1.0497022556868222e-25,37.19298245614035,-1.187302371234152e-25
453,37.89473684210526,-1.0894976619754657e-25,37.89473684210526,-1.2322733763322665e-25
454,38.59649122807017,-1.1300227547385708e-25,38.59649122807017,-1.2780659365471202e-25
455,39.29824561403508,-1.1712767654661428e-25,39.29824561403508,-1.324679023335262e-25
456,40.0,-1.2132589131343444e-25,40.0,-1.3721115918101077e-25
457,40.70175438596491,-1.25596840428731e-25,40.70175438596491,-1.420362580855728e-25
458,41.40350877192982,-1.2994044331199004e-25,41.40350877192982,-1.4694309132669677e-25
459,42.10526315789473,-1.3435661815585772e-25,42.10526315789473,-1.5193154958754575e-25
460,42.807017543859644,-1.3884528193497996e-25,42.807017543859644,-1.5700152196850324e-25
461,43.50877192982456,-1.4340635041380774e-25,43.50877192982456,-1.6215289599977438e-25
462,44.21052631578947,-1.480397381563772e-25,44.21052631578947,-1.6738555765596211e-25
463,44.91228070175438,-1.5274535853383282e-25,44.91228070175438,-1.726993913684804e-25
464,45.614035087719294,-1.5752312373401946e-25,45.614035087719294,-1.7809428004013034e-25
465,46.315789473684205,-1.6237294477003992e-25,46.315789473684205,-1.8357010505873592e-25
466,47.01754385964912,-1.6729473148928278e-25,47.01754385964912,-1.8912674631077975e-25
467,47.719298245614034,-1.7228839258245017e-25,47.719298245614034,-1.9476408219569704e-25
468,48.421052631578945,-1.7735383559277365e-25,48.421052631578945,-2.0048198964007563e-25
469,49.122807017543856,-1.8249096692523012e-25,49.122807017543856,-2.0628034411176187e-25
470,49.82456140350877,-1.8769969185566358e-25,49.82456140350877,-2.121590196347189e-25
471,50.526315789473685,-1.9297991454037725e-25,50.526315789473685,-2.1811788880247426e-25
472,51.228070175438596,-1.9833153802525535e-25,51.228070175438596,-2.241568227938246e-25
473,51.92982456140351,-2.0375446425601342e-25,51.92982456140351,-2.3027569138665933e-25
474,52.63157894736842,-2.0924859408647382e-25,52.63157894736842,-2.364743629731952e-25
475,53.33333333333333,-2.1481382728938027e-25,53.33333333333333,-2.4275270457436427e-25
476,54.03508771929824,-2.2045006256570773e-25,54.03508771929824,-2.4911058185504824e-25
477,54.73684210526316,-2.2615719755406643e-25,54.73684210526316,-2.555478591386547e-25
478,55.43859649122807,-2.3193512884104614e-25,55.43859649122807,-2.6206439942263366e-25
479,56.14035087719298,-2.3778375197080826e-25,56.14035087719298,-2.686600643929595e-25
480,56.84210526315789,-2.4370296145495994e-25,56.84210526315789,-2.753347144397417e-25
481,57.543859649122794,-2.4969265078271036e-25,57.543859649122794,-2.8208820867227107e-25
482,58.24561403508772,-2.557527124304628e-25,58.24561403508772,-2.8892040493416014e-25
483,58.94736842105263,-2.618830378728172e-25,58.94736842105263,-2.958311598188597e-25
484,59.64912280701754,-2.680835175914099e-25,59.64912280701754,-3.02820328684517e-25
485,60.35087719298245,-2.743540410861044e-25,60.35087719298245,-3.0988776566996257e-25
486,61.052631578947356,-2.806944968847714e-25,61.052631578947356,-3.170333237098505e-25
487,61.75438596491228,-2.87104772553163e-25,61.75438596491228,-3.2425685454998685e-25
488,62.4561403508772,-2.935847547061034e-25,62.4561403508772,-3.315582087629404e-25
489,63.1578947368421,-3.001343290167988e-25,63.1578947368421,-3.38937235763653e-25
490,63.85964912280701,-3.067533802276519e-25,63.85964912280701,-3.46393783824392e-25
491,64.56140350877193,-3.134417921607945e-25,64.56140350877193,-3.5392770009130114e-25
492,65.26315789473684,-3.201994477278673e-25,65.26315789473684,-3.615388305987886e-25
493,65.96491228070175,-3.2702622894102296e-25,65.96491228070175,-3.692270202861721e-25
494,66.66666666666666,-3.3392201692298792e-25,66.66666666666666,-3.7699211301253695e-25
495,67.36842105263158,-3.408866919175951e-25,67.36842105263158,-3.8483395157225283e-25
496,68.0701754385965,-3.4792013330050423e-25,68.0701754385965,-3.9275237771114836e-25
497,68.7719298245614,-3.550222195891702e-25,68.7719298245614,-4.0074723214174566e-25
498,69.47368421052632,-3.621928284536575e-25,69.47368421052632,-4.0881835455849467e-25
499,70.17543859649122,-3.694318367274548e-25,70.17543859649122,-4.16965583653948e-25
500,70.87719298245614,-3.7673912041706696e-25,70.87719298245614,-4.251887571339954e-25
501,71.57894736842105,-3.8411455471348795e-25,71.57894736842105,-4.334877117330978e-25
502,72.28070175438596,-3.9155801400245102e-25,72.28070175438596,-4.418622832303688e-25
503,72.98245614035088,-3.9906937187449104e-25,72.98245614035088,-4.503123064646203e-25
504,73.68421052631578,-4.0664850113594706e-25,73.68421052631578,-4.588376153501613e-25
505,74.3859649122807,-4.142952738195888e-25,74.3859649122807,-4.674380428917505e-25
506,75.08771929824562,-4.220095611948671e-25,75.08771929824562,-4.761134212003946e-25
507,75.78947368421052,-4.297912337782579e-25,75.78947368421052,-4.848635815087711e-25
508,76.49122807017544,-4.376401613442653e-25,76.49122807017544,-4.936883541859921e-25
509,77.19298245614034,-4.455562129358597e-25,77.19298245614034,-5.0258756875330935e-25
510,77.89473684210526,-4.53539256874352e-25,77.89473684210526,-5.115610538997244e-25
511,78.59649122807016,-4.615891607708664e-25,78.59649122807016,-5.206086374959068e-25
512,79.29824561403508,-4.697057915360265e-25,79.29824561403508,-5.29730146611215e-25
513,80.0,-4.778890153906759e-25,80.0,-5.389254075266741e-25
514,80.7017543859649,-4.861386978764106e-25,80.7017543859649,-5.481942457517144e-25
515,81.40350877192982,-4.944547038660171e-25,81.40350877192982,-5.57536486038372e-25
516,82.10526315789473,-5.02836897573441e-25,82.10526315789473,-5.669519523963347e-25
517,82.80701754385964,-5.112851425648834e-25,82.80701754385964,-5.764404681074241e-25
518,83.50877192982456,-5.197993017686753e-25,83.50877192982456,-5.860018557413003e-25
519,84.21052631578947,-5.283792374858098e-25,84.21052631578947,-5.956359371690978e-25
520,84.91228070175438,-5.370248114000982e-25,84.91228070175438,-6.053425335789418e-25
521,85.61403508771929,-5.457358845882329e-25,85.61403508771929,-6.151214654901482e-25
522,86.3157894736842,-5.545123175306013e-25,86.3157894736842,-6.249725527674236e-25
523,87.01754385964912,-5.633539701214422e-25,87.01754385964912,-6.348956146360996e-25
524,87.71929824561403,-5.722607016782501e-25,87.71929824561403,-6.448904696956749e-25
525,88.42105263157895,-5.812323709526833e-25,88.42105263157895,-6.549569359342969e-25
526,89.12280701754385,-5.902688361408147e-25,89.12280701754385,-6.650948307435261e-25
527,89.82456140350877,-5.993699548925352e-25,89.82456140350877,-6.753039709314076e-25
528,90.52631578947368,-6.085355843216165e-25,90.52631578947368,-6.855841727376116e-25
529,91.22807017543859,-6.177655810164313e-25,91.22807017543859,-6.959352518462225e-25
530,91.9298245614035,-6.270598010493571e-25,91.9298245614035,-7.063570234005974e-25
531,92.63157894736841,-6.364180999867448e-25,92.63157894736841,-7.168493020161553e-25
532,93.33333333333333,-6.458403328986986e-25,93.33333333333333,-7.274119017949534e-25
533,94.03508771929825,-6.553263543691381e-25,94.03508771929825,-7.380446363384763e-25
534,94.73684210526315,-6.648760185055787e-25,94.73684210526315,-7.487473187616481e-25
535,95.43859649122807,-6.744891789486293e-25,95.43859649122807,-7.595197617058095e-25
536,96.14035087719297,-6.841656888814906e-25,96.14035087719297,-7.703617773517897e-25
537,96.84210526315789,-6.939054010402991e-25,96.84210526315789,-7.812731774340122e-25
538,97.54385964912281,-7.037081677228731e-25,97.54385964912281,-7.922537732525318e-25
539,98.24561403508771,-7.135738407986807e-25,98.24561403508771,-8.03303375686012e-25
540,98.94736842105263,-7.2350227171852605e-25,98.94736842105263,-8.144217952052668e-25
541,99.64912280701753,-7.334933115232007e-25,99.64912280701753,-8.2560884188558e-25
542,100.35087719298244,-7.435468108535461e-25,100.35087719298244,-8.368643254193062e-25
543,101.05263157894737,-7.5366261995948125e-25,101.05263157894737,-8.481880551282842e-25
544,101.75438596491227,-7.638405887092187e-25,101.75438596491227,-8.595798399763444e-25
545,102.45614035087719,-7.740805665983862e-25,102.45614035087719,-8.710394885817217e-25
546,103.1578947368421,-7.843824027593369e-25,103.1578947368421,-8.825668092289986e-25
547,103.85964912280701,-7.9474594597008265e-25,103.85964912280701,-8.941616098813307e-25
548,104.56140350877192,-8.051710446630403e-25,104.56140350877192,-9.058236981922011e-25
549,105.26315789473684,-8.156575469348112e-25,105.26315789473684,-9.175528815173639e-25
550,105.96491228070175,-8.262053005538928e-25,105.96491228070175,-9.293489669265048e-25
551,106.66666666666666,-8.368141529701767e-25,106.66666666666666,-9.41211761214902e-25
552,107.36842105263158,-8.47483951323788e-25,107.36842105263158,-9.531410709147112e-25
553,108.07017543859648,-8.582145424531732e-25,108.07017543859648,-9.651367023065324e-25
554,108.7719298245614,-8.690057729045035e-25,108.7719298245614,-9.77198461430318e-25
555,109.47368421052632,-8.798574889393869e-25,109.47368421052632,-9.893261540970345e-25
556,110.17543859649122,-8.90769536543707e-25,110.17543859649122,-1.0015195858987242e-24
557,110.87719298245614,-9.017417614362753e-25,110.87719298245614,-1.0137785622203542e-24
558,111.57894736842104,-9.127740090768245e-25,111.57894736842104,-1.0261028882495968e-24
559,112.28070175438596,-9.238661246742834e-25,112.28070175438596,-1.03849236898849e-24
560,112.98245614035088,-9.350179531949593e-25,112.98245614035088,-1.0509468092629362e-24
561,113.68421052631578,-9.462293393710005e-25,113.68421052631578,-1.0634660137334217e-24
562,114.3859649122807,-9.575001277081085e-25,114.3859649122807,-1.07604978690555e-24
563,115.08771929824559,-9.688301624932484e-25,115.08771929824559,-1.0886979331395392e-24
564,115.78947368421052,-9.802192878032074e-25,115.78947368421052,-1.1014102566605668e-24
565,116.49122807017544,-9.91667347512117e-25,116.49122807017544,-1.1141865615686437e-24
566,117.19298245614034,-1.003174185298883e-24,117.19298245614034,-1.127026651848206e-24
567,117.89473684210526,-1.0147396446553661e-24,117.89473684210526,-1.1399303313775193e-24
568,118.59649122807016,-1.026363568893906e-24,118.59649122807016,-1.1528974039385527e-24
569,119.29824561403508,-1.0380458011542793e-24,119.29824561403508,-1.1659276732259125e-24
570,119.99999999999999,-1.049786184411976e-24,119.99999999999999,-1.1790209428561522e-24
571,120.7017543859649,-1.0615845614851577e-24,120.7017543859649,-1.1921770163769883e-24
572,121.40350877192982,-1.0734407750415227e-24,121.40350877192982,-1.2053956972761402e-24
573,122.10526315789471,-1.0853546676064875e-24,122.10526315789471,-1.2186767889900756e-24
574,122.80701754385963,-1.0973260815696756e-24,122.80701754385963,-1.2320200949125683e-24
575,123.50877192982456,-1.1093548591920642e-24,123.50877192982456,-1.245425418403538e-24
576,124.21052631578948,-1.1214408426130374e-24,124.21052631578948,-1.2588925627971372e-24
577,124.9122807017544,-1.1335838738571572e-24,124.9122807017544,-1.2724213314105917e-24
578,125.61403508771929,-1.1457837948413102e-24,125.61403508771929,-1.286011527551629e-24
579,126.3157894736842,-1.1580404473813845e-24,126.3157894736842,-1.2996629545267544e-24
580,127.0175438596491,-1.1703536731984763e-24,127.0175438596491,-1.3133754156494318e-24
581,127.71929824561401,-1.182723313925943e-24,127.71929824561401,-1.3271487142475132e-24
582,128.42105263157893,-1.1951492111161738e-24,128.42105263157893,-1.3409826536709501e-24
583,129.12280701754386,-1.2076312062460444e-24,129.12280701754386,-1.3548770372992223e-24
584,129.82456140350877,-1.2201691407241576e-24,129.82456140350877,-1.3688316685491433e-24
585,130.52631578947367,-1.2327628558970501e-24,130.52631578947367,-1.3828463508811609e-24
586,131.2280701754386,-1.245412193054835e-24,131.2280701754386,-1.3969208878071625e-24
587,131.9298245614035,-1.2581169934376901e-24,131.9298245614035,-1.4110550828976224e-24
588,132.6315789473684,-1.2708770982420652e-24,132.6315789473684,-1.425248739787902e-24
589,133.33333333333331,-1.2836923486261358e-24,133.33333333333331,-1.4395016621847385e-24
590,134.03508771929822,-1.296562585716292e-24,134.03508771929822,-1.4538136538739568e-24
591,134.73684210526315,-1.3094876506121227e-24,134.73684210526315,-1.4681845187254529e-24
592,135.43859649122805,-1.3224673843929042e-24,135.43859649122805,-1.4826140607007173e-24
593,136.140350877193,-1.3355016281227726e-24,136.140350877193,-1.4971020838582893e-24
594,136.8421052631579,-1.3485902228566478e-24,136.8421052631579,-1.511648392360058e-24
595,137.5438596491228,-1.3617330096450302e-24,137.5438596491228,-1.52625279047728e-24
596,138.2456140350877,-1.3749298295403008e-24,138.2456140350877,-1.5409150825958464e-24
597,138.94736842105263,-1.388180523600859e-24,138.94736842105263,-1.5556350732227712e-24
598,139.64912280701753,-1.4014849328978e-24,139.64912280701753,-1.5704125669907992e-24
599,140.35087719298244,-1.4148428985185813e-24,140.35087719298244,-1.585247368664801e-24
600,141.05263157894737,-1.4282542615733244e-24,141.05263157894737,-1.60013928314591e-24
601,141.75438596491227,-1.4417188631987637e-24,141.75438596491227,-1.615088115477448e-24
602,142.45614035087718,-1.4552365445638893e-24,142.45614035087718,-1.6300936708497203e-24
603,143.1578947368421,-1.4688071468742727e-24,143.1578947368421,-1.645155754605e-24
604,143.859649122807,-1.4824305113772388e-24,143.859649122807,-1.660274172241572e-24
605,144.56140350877192,-1.496106479366286e-24,144.56140350877192,-1.6754487294195633e-24
606,145.26315789473682,-1.5098348921854122e-24,145.26315789473682,-1.6906792319642343e-24
607,145.96491228070175,-1.5236155912340042e-24,145.96491228070175,-1.7059654858710568e-24
608,146.66666666666666,-1.537448417970976e-24,146.66666666666666,-1.72130729730957e-24
609,147.36842105263156,-1.5513332139193765e-24,147.36842105263156,-1.736704472627518e-24
610,148.0701754385965,-1.5652698206704335e-24,148.0701754385965,-1.7521568183548935e-24
611,148.7719298245614,-1.579258079887597e-24,148.7719298245614,-1.7676641412080757e-24
612,149.4736842105263,-1.593297833310865e-24,149.4736842105263,-1.7832262480925572e-24
613,150.17543859649123,-1.6073889227608277e-24,150.17543859649123,-1.798842946107458e-24
614,150.87719298245614,-1.6215311901420527e-24,150.87719298245614,-1.8145140425485352e-24
615,151.57894736842104,-1.6357244774477864e-24,151.57894736842104,-1.8302393449114733e-24
616,152.28070175438594,-1.6499686267629643e-24,152.28070175438594,-1.8460186608952708e-24
617,152.98245614035088,-1.664263480268348e-24,152.98245614035088,-1.8618517984047785e-24
618,153.68421052631578,-1.6786088802436284e-24,153.68421052631578,-1.8777385655541796e-24
619,154.38596491228068,-1.6930046690717523e-24,154.38596491228068,-1.893678770669622e-24
620,155.08771929824562,-1.7074506892413666e-24,155.08771929824562,-1.909672222291288e-24
621,155.78947368421052,-1.7219467833508627e-24,155.78947368421052,-1.925718729176779e-24
622,156.49122807017542,-1.7364927941117613e-24,156.49122807017542,-1.9418181003025265e-24
623,157.19298245614033,-1.7510885643509696e-24,157.19298245614033,-1.9579701448670837e-24
624,157.89473684210526,-1.7657339370151073e-24,157.89473684210526,-1.9741746722924414e-24
625,158.59649122807016,-1.7804287551726694e-24,158.59649122807016,-1.9904314922259095e-24
626,159.29824561403507,-1.7951728620171292e-24,159.29824561403507,-2.0067404145426553e-24
627,160.0,-1.8099661008701362e-24,160.0,-2.023101249346833e-24
628,160.7017543859649,-1.8248083151842427e-24,160.7017543859649,-2.039513806973275e-24
629,161.4035087719298,-1.839699348545067e-24,161.4035087719298,-2.05597789798881e-24
630,162.10526315789474,-1.8546390446747733e-24,162.10526315789474,-2.0724933331939545e-24
631,162.80701754385964,-1.869627247433575e-24,162.80701754385964,-2.089059923623384e-24
632,163.50877192982452,-1.884663800823404e-24,163.50877192982452,-2.1056774805475304e-24
633,164.21052631578945,-1.8997485489891313e-24,164.21052631578945,-2.1223458154730537e-24
634,164.91228070175438,-1.9148813362219543e-24,164.91228070175438,-2.1390647401440632e-24
635,165.6140350877193,-1.9300620069606183e-24,165.6140350877193,-2.1558340665416482e-24
636,166.3157894736842,-1.9452904057943315e-24,166.3157894736842,-2.1726536068856643e-24
637,167.01754385964912,-1.9605663774641764e-24,167.01754385964912,-2.189523173634169e-24
638,167.71929824561403,-1.975889766865742e-24,167.71929824561403,-2.206442579483517e-24
639,168.42105263157893,-1.9912604190505355e-24,168.42105263157893,-2.2234116373687337e-24
640,169.12280701754386,-2.0066781792277678e-24,169.12280701754386,-2.2404301604633303e-24
641,169.82456140350877,-2.0221428927665174e-24,169.82456140350877,-2.2574979621785494e-24
642,170.52631578947367,-2.0376544051971406e-24,170.52631578947367,-2.2746148561634595e-24
643,171.22807017543857,-2.0532125622124938e-24,171.22807017543857,-2.291780656304109e-24
644,171.9298245614035,-2.068817209670191e-24,171.9298245614035,-2.3089951767224915e-24
645,172.6315789473684,-2.0844681935931675e-24,172.6315789473684,-2.3262582317763575e-24
646,173.33333333333331,-2.100165360171561e-24,173.33333333333331,-2.343569636056958e-24
647,174.03508771929825,-2.115908555763558e-24,174.03508771929825,-2.360929204389138e-24
648,174.73684210526315,-2.131697626897086e-24,174.73684210526315,-2.378336751828704e-24
649,175.43859649122805,-2.1475324202701905e-24,175.43859649122805,-2.3957920936618588e-24
650,176.140350877193,-2.163412782752539e-24,176.140350877193,-2.4132950454026635e-24
651,176.8421052631579,-2.1793385613860793e-24,176.8421052631579,-2.4308454227915323e-24
652,177.5438596491228,-2.19530960338598e-24,177.5438596491228,-2.4484430417931637e-24
653,178.2456140350877,-2.2113257561412896e-24,178.2456140350877,-2.4660877185938133e-24
654,178.9473684210526,-2.2273868672152167e-24,178.9473684210526,-2.483779269599789e-24
655,179.64912280701753,-2.2434927843462603e-24,179.64912280701753,-2.5015175114332205e-24
656,180.35087719298244,-2.259643355448585e-24,180.35087719298244,-2.5193022609311164e-24
657,181.05263157894737,-2.2758384286119277e-24,181.05263157894737,-2.537133335141135e-24
658,181.75438596491227,-2.292077852102631e-24,181.75438596491227,-2.555010551318291e-24
659,182.45614035087718,-2.3083614743627036e-24,182.45614035087718,-2.572933726922324e-24
660,183.15789473684208,-2.3246891440112308e-24,183.15789473684208,-2.5909026796137478e-24
661,183.859649122807,-2.341060709843528e-24,183.859649122807,-2.6089172272495242e-24
662,184.56140350877192,-2.35747602083114e-24,184.56140350877192,-2.626977187879679e-24
663,185.26315789473682,-2.3739349261222194e-24,185.26315789473682,-2.6450823797428806e-24
664,185.96491228070175,-2.390437275040583e-24,185.96491228070175,-2.6632326212618336e-24
665,186.66666666666666,-2.406982917085809e-24,186.66666666666666,-2.6814277310385754e-24
666,187.36842105263156,-2.4235717019322935e-24,187.36842105263156,-2.699667527849775e-24
667,188.0701754385965,-2.4402034794294417e-24,188.0701754385965,-2.7179518306409966e-24
668,188.7719298245614,-2.456878099600349e-24,188.7719298245614,-2.7362804585221853e-24
669,189.4736842105263,-2.4735954126415203e-24,189.4736842105263,-2.7546532307608026e-24
670,190.1754385964912,-2.490355268921458e-24,190.1754385964912,-2.773069966777124e-24
671,190.87719298245614,-2.5071575189801937e-24,190.87719298245614,-2.791530486136999e-24
672,191.57894736842104,-2.5240020135285337e-24,191.57894736842104,-2.8100346085461127e-24
673,192.28070175438594,-2.54088860344571e-24,192.28070175438594,-2.828582153842653e-24
674,192.98245614035088,-2.557817139779285e-24,192.98245614035088,-2.8471729419905377e-24
675,193.68421052631578,-2.5747874737435533e-24,193.68421052631578,-2.8658067930721755e-24
676,194.38596491228068,-2.5917994567174727e-24,194.38596491228068,-2.884483527280565e-24
677,195.08771929824562,-2.608852940243818e-24,195.08771929824562,-2.9032029649110196e-24
678,195.78947368421052,-2.6259477760270178e-24,195.78947368421052,-2.921964926353551e-24
679,196.49122807017542,-2.643083815931368e-24,196.49122807017542,-2.940769232083841e-24
680,197.19298245614033,-2.6602609119795276e-24,197.19298245614033,-2.959615702653931e-24
681,197.89473684210526,-2.67747891634979e-24,197.89473684210526,-2.9785041586830067e-24
682,198.59649122807016,-2.6947376813743925e-24,198.59649122807016,-2.9974344208481827e-24
683,199.29824561403507,-2.712037059537069e-24,199.29824561403507,-3.016406309873405e-24
684,200.0,-2.7293769034707953e-24,200.0,-3.0354196465192948e-24
685,200.70175438596488,-2.7467570659551538e-24,200.70175438596488,-3.0544742515724285e-24
686,201.4035087719298,-2.764177399913514e-24,201.4035087719298,-3.0735699458333e-24
687,202.10526315789474,-2.7816377584100223e-24,202.10526315789474,-3.092706550105131e-24
688,202.80701754385964,-2.7991379946474398e-24,202.80701754385964,-3.1118838851806104e-24
689,203.50877192982455,-2.81667796196338e-24,203.50877192982455,-3.1311017718299512e-24
690,204.21052631578945,-2.8342575138274877e-24,204.21052631578945,-3.1503600307868797e-24
691,204.91228070175438,-2.851876503837396e-24,204.91228070175438,-3.1696584827345287e-24
692,205.6140350877193,-2.8695347857160927e-24,205.6140350877193,-3.188996948292178e-24
693,206.3157894736842,-2.8872322133078762e-24,206.3157894736842,-3.208375247998328e-24
694,207.01754385964912,-2.9049686405740303e-24,207.01754385964912,-3.2277932022966864e-24
695,207.71929824561403,-2.922743921589721e-24,207.71929824561403,-3.2472506315191484e-24
696,208.42105263157893,-2.9405579105392935e-24,208.42105263157893,-3.266747355868587e-24
697,209.12280701754383,-2.958410461711948e-24,209.12280701754383,-3.286283195401831e-24
698,209.82456140350877,-2.976301429497412e-24,209.82456140350877,-3.3058579700107652e-24
699,210.52631578947367,-2.9942306683815223e-24,210.52631578947367,-3.325471499403426e-24
700,211.22807017543857,-3.0121980329406754e-24,211.22807017543857,-3.3451236030843485e-24
701,211.9298245614035,-3.03020337783722e-24,211.9298245614035,-3.364814100333031e-24
702,212.6315789473684,-3.0482465578142844e-24,212.6315789473684,-3.3845428101833415e-24
703,213.33333333333331,-3.0663274276902293e-24,213.33333333333331,-3.404309551400099e-24
704,214.03508771929825,-3.084445842353098e-24,214.03508771929825,-3.424114142456038e-24
705,214.73684210526315,-3.1026016567543168e-24,214.73684210526315,-3.443956401507635e-24
706,215.43859649122805,-3.1207947259034284e-24,215.43859649122805,-3.463836146368972e-24
707,216.14035087719296,-3.1390249048607568e-24,216.14035087719296,-3.483753194485117e-24
708,216.8421052631579,-3.157292048732047e-24,216.8421052631579,-3.5037073629053265e-24
709,217.5438596491228,-3.1755960126606604e-24,217.5438596491228,-3.5236984682527644e-24
710,218.2456140350877,-3.1939366518210846e-24,218.2456140350877,-3.543726326694784e-24
711,218.94736842105263,-3.212313821411694e-24,218.94736842105263,-3.563790753911709e-24
712,219.64912280701753,-3.230727376646849e-24,219.64912280701753,-3.583891565062882e-24
713,220.35087719298244,-3.24917717274928e-24,220.35087719298244,-3.604028574752908e-24
714,221.05263157894737,-3.267663064942094e-24,221.05263157894737,-3.624201596995071e-24
715,221.75438596491227,-3.2861849084404036e-24,221.75438596491227,-3.6444104451736246e-24
716,222.45614035087718,-3.304742558442019e-24,222.45614035087718,-3.664654932004012e-24
717,223.15789473684208,-3.323335870119077e-24,223.15789473684208,-3.684934869491773e-24
718,223.859649122807,-3.341964698608732e-24,223.859649122807,-3.705250068889002e-24
719,224.56140350877192,-3.360628899002905e-24,224.56140350877192,-3.725600340648364e-24
720,225.26315789473682,-3.379328326338599e-24,225.26315789473682,-3.745985494375885e-24
721,225.96491228070175,-3.398062835587458e-24,225.96491228070175,-3.76640533878083e-24
722,226.66666666666666,-3.416832281644767e-24,226.66666666666666,-3.786859681622759e-24
723,227.36842105263156,-3.435636519318542e-24,227.36842105263156,-3.807348329656326e-24
724,228.07017543859646,-3.454475403317775e-24,228.07017543859646,-3.8278710885734416e-24
725,228.7719298245614,-3.4733487882402096e-24,228.7719298245614,-3.848427762942247e-24
726,229.4736842105263,-3.4922565285602094e-24,229.4736842105263,-3.869018156142315e-24
727,230.17543859649118,-3.5111984786154046e-24,230.17543859649118,-3.889642070298074e-24
728,230.87719298245614,-3.530174492593338e-24,230.87719298245614,-3.910299306206114e-24
729,231.57894736842104,-3.54918442451783e-24,231.57894736842104,-3.9309896632614586e-24
730,232.28070175438594,-3.568228128234025e-24,232.28070175438594,-3.951712939377821e-24
731,232.98245614035088,-3.5873054573935354e-24,232.98245614035088,-3.9724689309037206e-24
732,233.68421052631578,-3.6064162654390164e-24,233.68421052631578,-3.9932574325343666e-24
733,234.38596491228068,-3.625560405587335e-24,234.38596491228068,-4.0140782372188424e-24
734,235.0877192982456,-3.644737730813206e-24,235.0877192982456,-4.034931136060611e-24
735,235.78947368421052,-3.663948093831795e-24,235.78947368421052,-4.0558159182136964e-24
736,236.49122807017542,-3.683191347079817e-24,236.49122807017542,-4.0767323707713386e-24
737,237.19298245614033,-3.702467342697198e-24,237.19298245614033,-4.097680278649763e-24
738,237.89473684210526,-3.7217759325071385e-24,237.89473684210526,-4.118659424462542e-24
739,238.59649122807016,-3.741116967995519e-24,238.59649122807016,-4.1396695883895055e-24
740,239.29824561403507,-3.76049030028946e-24,239.29824561403507,-4.160710548035303e-24
741,239.99999999999997,-3.7798957801355965e-24,239.99999999999997,-4.181782078281294e-24
742,240.7017543859649,-3.7993332578766655e-24,240.7017543859649,-4.202883951125303e-24
743,241.4035087719298,-3.8188025834267704e-24,241.4035087719298,-4.224015935513477e-24
744,242.10526315789474,-3.838303606247309e-24,242.10526315789474,-4.245177797158506e-24
745,242.80701754385964,-3.857836175320076e-24,242.80701754385964,-4.266369298347786e-24
746,243.50877192982458,-3.877400139120183e-24,243.50877192982458,-4.287590197736621e-24
747,244.21052631578942,-3.8969953455873734e-24,244.21052631578942,-4.308840250128269e-24
748,244.9122807017544,-3.916621642096589e-24,244.9122807017544,-4.330119206237712e-24
749,245.61403508771926,-3.936278875426749e-24,245.61403508771926,-4.351426812438502e-24
750,246.3157894736842,-3.955966891727742e-24,246.3157894736842,-4.372762810491739e-24
751,247.01754385964912,-3.975685536487889e-24,247.01754385964912,-4.394126937253985e-24
752,247.71929824561403,-3.995434654496891e-24,247.71929824561403,-4.415518924362983e-24
753,248.42105263157896,-4.015214089809905e-24,248.42105263157896,-4.436938497900807e-24
754,249.1228070175438,-4.0350236857080496e-24,249.1228070175438,-4.4583853780283326e-24
755,249.8245614035088,-4.054863284658531e-24,249.8245614035088,-4.479859278592336e-24
756,250.52631578947364,-4.074732728271291e-24,250.52631578947364,-4.501359906699498e-24
757,251.22807017543857,-4.094631857254713e-24,251.22807017543857,-4.522886962255609e-24
758,251.92982456140348,-4.114560511369264e-24,251.92982456140348,-4.544440137466407e-24
759,252.6315789473684,-4.134518529377931e-24,252.6315789473684,-4.566019116294217e-24
760,253.33333333333331,-4.15450574899488e-24,253.33333333333331,-4.587623573868418e-24
761,254.0350877192982,-4.17452200683185e-24,254.0350877192982,-4.6092531758417404e-24
762,254.73684210526318,-4.194567138340791e-24,254.73684210526318,-4.630907577688922e-24
763,255.43859649122803,-4.2146409777543366e-24,255.43859649122803,-4.652586423939624e-24
764,256.140350877193,-4.234743358023454e-24,256.140350877193,-4.674289347338096e-24
765,256.84210526315786,-4.254874110750584e-24,256.84210526315786,-4.6960159679214005e-24
766,257.5438596491228,-4.275033066120522e-24,257.5438596491228,-4.717765892006511e-24
767,258.2456140350877,-4.295220052827535e-24,258.2456140350877,-4.7395387110730284e-24
768,258.9473684210526,-4.315434897996842e-24,258.9473684210526,-4.761334000532112e-24
769,259.64912280701753,-4.335677427103924e-24,259.64912280701753,-4.783151318362057e-24
770,260.35087719298247,-4.3559474638879184e-24,260.35087719298247,-4.804990203596703e-24
771,261.05263157894734,-4.376244830260772e-24,261.05263157894734,-4.826850174644948e-24
772,261.7543859649123,-4.396569346211041e-24,261.7543859649123,-4.848730727417951e-24
773,262.4561403508772,-4.416920829701389e-24,262.4561403508772,-4.8706313332363754e-24
774,263.1578947368421,-4.437299096561473e-24,263.1578947368421,-4.8925514364858895e-24
775,263.859649122807,-4.45770396037303e-24,263.859649122807,-4.9144904519824595e-24
776,264.5614035087719,-4.47813523234894e-24,264.5614035087719,-4.936447762004086e-24
777,265.2631578947368,-4.498592721203922e-24,265.2631578947368,-4.9584227129328406e-24
778,265.96491228070175,-4.519076233018648e-24,265.96491228070175,-4.98041461144692e-24
779,266.66666666666663,-4.539585571093699e-24,266.66666666666663,-5.002422720184297e-24
780,267.36842105263156,-4.5601205357945865e-24,267.36842105263156,-5.024446252789186e-24
781,268.07017543859644,-4.580680924387656e-24,268.07017543859644,-5.0464843682271636e-24
782,268.77192982456137,-4.601266530863761e-24,268.77192982456137,-5.0685361642375735e-24
783,269.4736842105263,-4.6218771457507486e-24,269.4736842105263,-5.090600669758074e-24
784,270.17543859649123,-4.642512555913813e-24,270.17543859649123,-5.1126768361159545e-24
785,270.8771929824561,-4.663172544340241e-24,270.8771929824561,-5.1347635267401155e-24
786,271.57894736842104,-4.6838568899108925e-24,271.57894736842104,-5.1568595050760454e-24
787,272.280701754386,-4.704565367154197e-24,272.280701754386,-5.178963420313439e-24
788,272.98245614035085,-4.725297745982933e-24,272.98245614035085,-5.201073790428797e-24
789,273.6842105263158,-4.746053791410891e-24,273.6842105263158,-5.223188981904764e-24
790,274.3859649122807,-4.766833263248651e-24,274.3859649122807,-5.245307185312479e-24
791,275.0877192982456,-4.787635915776705e-24,275.0877192982456,-5.267426385689585e-24
792,275.7894736842105,-4.808461497391113e-24,275.7894736842105,-5.289544326320616e-24
793,276.4912280701754,-4.829309750224056e-24,276.4912280701754,-5.3116584640655796e-24
794,277.1929824561403,-4.850180409731283e-24,277.1929824561403,-5.3337659137497646e-24
795,277.89473684210526,-4.871073204246832e-24,277.89473684210526,-5.355863378233768e-24
796,278.59649122807014,-4.8919878545004246e-24,278.59649122807014,-5.3779470595014544e-24
797,279.29824561403507,-4.912924073093941e-24,279.29824561403507,-5.4000125442523835e-24
798,280.0,-4.933881563931828e-24,280.0,-5.422054654732891e-24
